,mean_fit_time,mean_score_time,mean_test_score,mean_train_score,param_clf__C,param_clf__kernel,param_reduce_dim,param_select_features__drt,param_select_features__group,param_select_features__npeaks,params,rank_test_score,split0_test_score,split0_train_score,split1_test_score,split1_train_score,split2_test_score,split2_train_score,std_fit_time,std_score_time,std_test_score,std_train_score
0,14.001958529154459,11.417972326278687,0.5416666666666666,0.5417483660130719,0.0001,rbf,,0,True,0,"{'clf__C': 0.0001, 'clf__kernel': 'rbf', 'reduce_dim': None, 'select_features__drt': 0, 'select_features__group': True, 'select_features__npeaks': 0}",55,0.5555555555555556,0.5333333333333333,0.5,0.5625,0.5714285714285714,0.5294117647058824,0.08920277967457335,0.019911726573657574,0.03015611935232274,0.014760700298891065
1,12.77938405672709,11.51326354344686,0.5416666666666666,0.5417483660130719,0.0001,rbf,,0,True,0.5,"{'clf__C': 0.0001, 'clf__kernel': 'rbf', 'reduce_dim': None, 'select_features__drt': 0, 'select_features__group': True, 'select_features__npeaks': 0.5}",55,0.5555555555555556,0.5333333333333333,0.5,0.5625,0.5714285714285714,0.5294117647058824,0.7314375488417092,0.053606812567934356,0.03015611935232274,0.014760700298891065
2,11.823964357376099,11.883288939793905,0.5416666666666666,0.5417483660130719,0.0001,rbf,,0,False,0,"{'clf__C': 0.0001, 'clf__kernel': 'rbf', 'reduce_dim': None, 'select_features__drt': 0, 'select_features__group': False, 'select_features__npeaks': 0}",55,0.5555555555555556,0.5333333333333333,0.5,0.5625,0.5714285714285714,0.5294117647058824,0.15077392737062334,0.5240020859330471,0.03015611935232274,0.014760700298891065
3,11.392545064290365,12.650425036748251,0.5416666666666666,0.5417483660130719,0.0001,rbf,,0,False,0.5,"{'clf__C': 0.0001, 'clf__kernel': 'rbf', 'reduce_dim': None, 'select_features__drt': 0, 'select_features__group': False, 'select_features__npeaks': 0.5}",55,0.5555555555555556,0.5333333333333333,0.5,0.5625,0.5714285714285714,0.5294117647058824,0.11763531711112507,0.09775433241445297,0.03015611935232274,0.014760700298891065
4,11.790486971537272,11.49950122833252,0.5416666666666666,0.5417483660130719,0.0001,rbf,,0.5,True,0,"{'clf__C': 0.0001, 'clf__kernel': 'rbf', 'reduce_dim': None, 'select_features__drt': 0.5, 'select_features__group': True, 'select_features__npeaks': 0}",55,0.5555555555555556,0.5333333333333333,0.5,0.5625,0.5714285714285714,0.5294117647058824,0.05296382574811644,0.03754470419173143,0.03015611935232274,0.014760700298891065
5,13.114524126052856,11.650883992513021,0.5416666666666666,0.5417483660130719,0.0001,rbf,,0.5,True,0.5,"{'clf__C': 0.0001, 'clf__kernel': 'rbf', 'reduce_dim': None, 'select_features__drt': 0.5, 'select_features__group': True, 'select_features__npeaks': 0.5}",55,0.5555555555555556,0.5333333333333333,0.5,0.5625,0.5714285714285714,0.5294117647058824,1.0127997059214195,0.06597626575110781,0.03015611935232274,0.014760700298891065
6,12.974729061126709,11.881538391113281,0.5416666666666666,0.5417483660130719,0.0001,rbf,,0.5,False,0,"{'clf__C': 0.0001, 'clf__kernel': 'rbf', 'reduce_dim': None, 'select_features__drt': 0.5, 'select_features__group': False, 'select_features__npeaks': 0}",55,0.5555555555555556,0.5333333333333333,0.5,0.5625,0.5714285714285714,0.5294117647058824,0.3925232276950737,0.24684236121443248,0.03015611935232274,0.014760700298891065
7,12.273334821065268,12.189204374949137,0.5416666666666666,0.5417483660130719,0.0001,rbf,,0.5,False,0.5,"{'clf__C': 0.0001, 'clf__kernel': 'rbf', 'reduce_dim': None, 'select_features__drt': 0.5, 'select_features__group': False, 'select_features__npeaks': 0.5}",55,0.5555555555555556,0.5333333333333333,0.5,0.5625,0.5714285714285714,0.5294117647058824,0.09568201590265157,0.10135189011149162,0.03015611935232274,0.014760700298891065
8,11.658558209737143,11.675723870595297,0.5416666666666666,0.5417483660130719,0.0001,rbf,"PCA(copy=True, iterated_power='auto', n_components=None, random_state=None,
  svd_solver='auto', tol=0.0, whiten=False)",0,True,0,"{'clf__C': 0.0001, 'clf__kernel': 'rbf', 'reduce_dim': PCA(copy=True, iterated_power='auto', n_components=None, random_state=None,
  svd_solver='auto', tol=0.0, whiten=False), 'select_features__drt': 0, 'select_features__group': True, 'select_features__npeaks': 0}",55,0.5555555555555556,0.5333333333333333,0.5,0.5625,0.5714285714285714,0.5294117647058824,0.055010538904175774,0.046853777252351105,0.03015611935232274,0.014760700298891065
9,20.5810227394104,16.82481900850932,0.5416666666666666,0.5417483660130719,0.0001,rbf,"PCA(copy=True, iterated_power='auto', n_components=None, random_state=None,
  svd_solver='auto', tol=0.0, whiten=False)",0,True,0.5,"{'clf__C': 0.0001, 'clf__kernel': 'rbf', 'reduce_dim': PCA(copy=True, iterated_power='auto', n_components=None, random_state=None,
  svd_solver='auto', tol=0.0, whiten=False), 'select_features__drt': 0, 'select_features__group': True, 'select_features__npeaks': 0.5}",55,0.5555555555555556,0.5333333333333333,0.5,0.5625,0.5714285714285714,0.5294117647058824,6.447928265933288,3.69300186138438,0.03015611935232274,0.014760700298891065
10,20.19011163711548,16.78004201253255,0.5416666666666666,0.5417483660130719,0.0001,rbf,"PCA(copy=True, iterated_power='auto', n_components=None, random_state=None,
  svd_solver='auto', tol=0.0, whiten=False)",0,False,0,"{'clf__C': 0.0001, 'clf__kernel': 'rbf', 'reduce_dim': PCA(copy=True, iterated_power='auto', n_components=None, random_state=None,
  svd_solver='auto', tol=0.0, whiten=False), 'select_features__drt': 0, 'select_features__group': False, 'select_features__npeaks': 0}",55,0.5555555555555556,0.5333333333333333,0.5,0.5625,0.5714285714285714,0.5294117647058824,5.979935587731161,3.5085866577309472,0.03015611935232274,0.014760700298891065
11,11.59204355875651,11.95887271563212,0.5416666666666666,0.5417483660130719,0.0001,rbf,"PCA(copy=True, iterated_power='auto', n_components=None, random_state=None,
  svd_solver='auto', tol=0.0, whiten=False)",0,False,0.5,"{'clf__C': 0.0001, 'clf__kernel': 'rbf', 'reduce_dim': PCA(copy=True, iterated_power='auto', n_components=None, random_state=None,
  svd_solver='auto', tol=0.0, whiten=False), 'select_features__drt': 0, 'select_features__group': False, 'select_features__npeaks': 0.5}",55,0.5555555555555556,0.5333333333333333,0.5,0.5625,0.5714285714285714,0.5294117647058824,0.11330361085061935,0.14211924646714683,0.03015611935232274,0.014760700298891065
12,583.6396593252817,18.29161326090495,0.5416666666666666,0.5417483660130719,0.0001,rbf,"PCA(copy=True, iterated_power='auto', n_components=None, random_state=None,
  svd_solver='auto', tol=0.0, whiten=False)",0.5,True,0,"{'clf__C': 0.0001, 'clf__kernel': 'rbf', 'reduce_dim': PCA(copy=True, iterated_power='auto', n_components=None, random_state=None,
  svd_solver='auto', tol=0.0, whiten=False), 'select_features__drt': 0.5, 'select_features__group': True, 'select_features__npeaks': 0}",55,0.5555555555555556,0.5333333333333333,0.5,0.5625,0.5714285714285714,0.5294117647058824,399.8159678776255,0.06806467622010597,0.03015611935232274,0.014760700298891065
13,14.134060939153036,13.659266630808512,0.5416666666666666,0.5417483660130719,0.0001,rbf,"PCA(copy=True, iterated_power='auto', n_components=None, random_state=None,
  svd_solver='auto', tol=0.0, whiten=False)",0.5,True,0.5,"{'clf__C': 0.0001, 'clf__kernel': 'rbf', 'reduce_dim': PCA(copy=True, iterated_power='auto', n_components=None, random_state=None,
  svd_solver='auto', tol=0.0, whiten=False), 'select_features__drt': 0.5, 'select_features__group': True, 'select_features__npeaks': 0.5}",55,0.5555555555555556,0.5333333333333333,0.5,0.5625,0.5714285714285714,0.5294117647058824,2.5759081939070434,3.359608069412186,0.03015611935232274,0.014760700298891065
14,12.295806090037027,12.223214467366537,0.5416666666666666,0.5417483660130719,0.0001,rbf,"PCA(copy=True, iterated_power='auto', n_components=None, random_state=None,
  svd_solver='auto', tol=0.0, whiten=False)",0.5,False,0,"{'clf__C': 0.0001, 'clf__kernel': 'rbf', 'reduce_dim': PCA(copy=True, iterated_power='auto', n_components=None, random_state=None,
  svd_solver='auto', tol=0.0, whiten=False), 'select_features__drt': 0.5, 'select_features__group': False, 'select_features__npeaks': 0}",55,0.5555555555555556,0.5333333333333333,0.5,0.5625,0.5714285714285714,0.5294117647058824,0.4785312219183554,1.154025075030737,0.03015611935232274,0.014760700298891065
15,12.488187710444132,14.221309026082357,0.5416666666666666,0.5417483660130719,0.0001,rbf,"PCA(copy=True, iterated_power='auto', n_components=None, random_state=None,
  svd_solver='auto', tol=0.0, whiten=False)",0.5,False,0.5,"{'clf__C': 0.0001, 'clf__kernel': 'rbf', 'reduce_dim': PCA(copy=True, iterated_power='auto', n_components=None, random_state=None,
  svd_solver='auto', tol=0.0, whiten=False), 'select_features__drt': 0.5, 'select_features__group': False, 'select_features__npeaks': 0.5}",55,0.5555555555555556,0.5333333333333333,0.5,0.5625,0.5714285714285714,0.5294117647058824,0.25482078359395577,0.25305365175524513,0.03015611935232274,0.014760700298891065
16,17.15070899327596,13.554062604904175,0.5416666666666666,0.5417483660130719,0.0001,linear,,0,True,0,"{'clf__C': 0.0001, 'clf__kernel': 'linear', 'reduce_dim': None, 'select_features__drt': 0, 'select_features__group': True, 'select_features__npeaks': 0}",55,0.5555555555555556,0.5333333333333333,0.5,0.5625,0.5714285714285714,0.5294117647058824,0.2643696470763956,0.022241585908865977,0.03015611935232274,0.014760700298891065
17,14.267500718434652,13.735017776489258,0.5416666666666666,0.5417483660130719,0.0001,linear,,0,True,0.5,"{'clf__C': 0.0001, 'clf__kernel': 'linear', 'reduce_dim': None, 'select_features__drt': 0, 'select_features__group': True, 'select_features__npeaks': 0.5}",55,0.5555555555555556,0.5333333333333333,0.5,0.5625,0.5714285714285714,0.5294117647058824,0.7312868424646658,0.08913299279046276,0.03015611935232274,0.014760700298891065
18,14.151563088099161,13.556082884470621,0.7083333333333334,0.9361111111111112,0.0001,linear,,0,False,0,"{'clf__C': 0.0001, 'clf__kernel': 'linear', 'reduce_dim': None, 'select_features__drt': 0, 'select_features__group': False, 'select_features__npeaks': 0}",13,0.6666666666666666,0.9333333333333333,0.625,0.875,0.8571428571428571,1.0,0.12634869172552063,0.08027503276710657,0.09708039541845291,0.051068823085695096
19,14.175859371821085,13.537688811620077,0.625,0.8930555555555556,0.0001,linear,,0,False,0.5,"{'clf__C': 0.0001, 'clf__kernel': 'linear', 'reduce_dim': None, 'select_features__drt': 0, 'select_features__group': False, 'select_features__npeaks': 0.5}",39,0.5555555555555556,0.8666666666666667,0.5,0.8125,0.8571428571428571,1.0,0.08388318458531176,0.3068510341511754,0.1507805967616137,0.07878808113157129
20,13.958109060923258,13.433362245559692,0.5416666666666666,0.5417483660130719,0.0001,linear,,0.5,True,0,"{'clf__C': 0.0001, 'clf__kernel': 'linear', 'reduce_dim': None, 'select_features__drt': 0.5, 'select_features__group': True, 'select_features__npeaks': 0}",55,0.5555555555555556,0.5333333333333333,0.5,0.5625,0.5714285714285714,0.5294117647058824,0.06411903803989255,0.11883359743990973,0.03015611935232274,0.014760700298891065
21,13.654941956202189,12.364051103591919,0.5416666666666666,0.5417483660130719,0.0001,linear,,0.5,True,0.5,"{'clf__C': 0.0001, 'clf__kernel': 'linear', 'reduce_dim': None, 'select_features__drt': 0.5, 'select_features__group': True, 'select_features__npeaks': 0.5}",55,0.5555555555555556,0.5333333333333333,0.5,0.5625,0.5714285714285714,0.5294117647058824,0.10337720670842084,1.1603449125073082,0.03015611935232274,0.014760700298891065
22,13.970399379730225,13.717270294825235,0.5416666666666666,0.8093954248366013,0.0001,linear,,0.5,False,0,"{'clf__C': 0.0001, 'clf__kernel': 'linear', 'reduce_dim': None, 'select_features__drt': 0.5, 'select_features__group': False, 'select_features__npeaks': 0}",55,0.5555555555555556,0.7333333333333333,0.5,0.8125,0.5714285714285714,0.8823529411764706,1.1475059650770214,1.6173811561065308,0.03015611935232274,0.060876594684873206
23,14.988620122273764,13.894191265106201,0.5416666666666666,0.7062908496732025,0.0001,linear,,0.5,False,0.5,"{'clf__C': 0.0001, 'clf__kernel': 'linear', 'reduce_dim': None, 'select_features__drt': 0.5, 'select_features__group': False, 'select_features__npeaks': 0.5}",55,0.5555555555555556,0.6666666666666666,0.5,0.6875,0.5714285714285714,0.7647058823529411,0.36332425875493984,0.42858364184849945,0.03015611935232274,0.042172218159001594
24,17.628322680791218,13.082827726999918,0.5416666666666666,0.5417483660130719,0.0001,linear,"PCA(copy=True, iterated_power='auto', n_components=None, random_state=None,
  svd_solver='auto', tol=0.0, whiten=False)",0,True,0,"{'clf__C': 0.0001, 'clf__kernel': 'linear', 'reduce_dim': PCA(copy=True, iterated_power='auto', n_components=None, random_state=None,
  svd_solver='auto', tol=0.0, whiten=False), 'select_features__drt': 0, 'select_features__group': True, 'select_features__npeaks': 0}",55,0.5555555555555556,0.5333333333333333,0.5,0.5625,0.5714285714285714,0.5294117647058824,0.5317802708737959,0.20960215928140255,0.03015611935232274,0.014760700298891065
25,12.525851806004843,11.864542484283447,0.5416666666666666,0.5417483660130719,0.0001,linear,"PCA(copy=True, iterated_power='auto', n_components=None, random_state=None,
  svd_solver='auto', tol=0.0, whiten=False)",0,True,0.5,"{'clf__C': 0.0001, 'clf__kernel': 'linear', 'reduce_dim': PCA(copy=True, iterated_power='auto', n_components=None, random_state=None,
  svd_solver='auto', tol=0.0, whiten=False), 'select_features__drt': 0, 'select_features__group': True, 'select_features__npeaks': 0.5}",55,0.5555555555555556,0.5333333333333333,0.5,0.5625,0.5714285714285714,0.5294117647058824,0.701789122385,0.7154557496642371,0.03015611935232274,0.014760700298891065
26,11.888428926467896,11.793235301971436,0.7083333333333334,0.9361111111111112,0.0001,linear,"PCA(copy=True, iterated_power='auto', n_components=None, random_state=None,
  svd_solver='auto', tol=0.0, whiten=False)",0,False,0,"{'clf__C': 0.0001, 'clf__kernel': 'linear', 'reduce_dim': PCA(copy=True, iterated_power='auto', n_components=None, random_state=None,
  svd_solver='auto', tol=0.0, whiten=False), 'select_features__drt': 0, 'select_features__group': False, 'select_features__npeaks': 0}",13,0.6666666666666666,0.9333333333333333,0.625,0.875,0.8571428571428571,1.0,0.04215580250314316,0.13044578849712618,0.09708039541845291,0.051068823085695096
27,11.876577297846476,11.75444491704305,0.625,0.8930555555555556,0.0001,linear,"PCA(copy=True, iterated_power='auto', n_components=None, random_state=None,
  svd_solver='auto', tol=0.0, whiten=False)",0,False,0.5,"{'clf__C': 0.0001, 'clf__kernel': 'linear', 'reduce_dim': PCA(copy=True, iterated_power='auto', n_components=None, random_state=None,
  svd_solver='auto', tol=0.0, whiten=False), 'select_features__drt': 0, 'select_features__group': False, 'select_features__npeaks': 0.5}",39,0.5555555555555556,0.8666666666666667,0.5,0.8125,0.8571428571428571,1.0,0.14106034516869548,0.07808574899911444,0.1507805967616137,0.07878808113157129
28,12.00816241900126,14.960323254267374,0.5416666666666666,0.5417483660130719,0.0001,linear,"PCA(copy=True, iterated_power='auto', n_components=None, random_state=None,
  svd_solver='auto', tol=0.0, whiten=False)",0.5,True,0,"{'clf__C': 0.0001, 'clf__kernel': 'linear', 'reduce_dim': PCA(copy=True, iterated_power='auto', n_components=None, random_state=None,
  svd_solver='auto', tol=0.0, whiten=False), 'select_features__drt': 0.5, 'select_features__group': True, 'select_features__npeaks': 0}",55,0.5555555555555556,0.5333333333333333,0.5,0.5625,0.5714285714285714,0.5294117647058824,0.08675048188975792,0.2538270946562067,0.03015611935232274,0.014760700298891065
29,16.75156505902608,13.678419351577759,0.5416666666666666,0.5417483660130719,0.0001,linear,"PCA(copy=True, iterated_power='auto', n_components=None, random_state=None,
  svd_solver='auto', tol=0.0, whiten=False)",0.5,True,0.5,"{'clf__C': 0.0001, 'clf__kernel': 'linear', 'reduce_dim': PCA(copy=True, iterated_power='auto', n_components=None, random_state=None,
  svd_solver='auto', tol=0.0, whiten=False), 'select_features__drt': 0.5, 'select_features__group': True, 'select_features__npeaks': 0.5}",55,0.5555555555555556,0.5333333333333333,0.5,0.5625,0.5714285714285714,0.5294117647058824,1.306778332109158,0.44554893813829255,0.03015611935232274,0.014760700298891065
30,14.19823932647705,15.961023648579916,0.5416666666666666,0.8093954248366013,0.0001,linear,"PCA(copy=True, iterated_power='auto', n_components=None, random_state=None,
  svd_solver='auto', tol=0.0, whiten=False)",0.5,False,0,"{'clf__C': 0.0001, 'clf__kernel': 'linear', 'reduce_dim': PCA(copy=True, iterated_power='auto', n_components=None, random_state=None,
  svd_solver='auto', tol=0.0, whiten=False), 'select_features__drt': 0.5, 'select_features__group': False, 'select_features__npeaks': 0}",55,0.5555555555555556,0.7333333333333333,0.5,0.8125,0.5714285714285714,0.8823529411764706,0.5443829542377762,2.343917733714436,0.03015611935232274,0.060876594684873206
31,13.769102891286215,12.106509685516357,0.5416666666666666,0.7062908496732025,0.0001,linear,"PCA(copy=True, iterated_power='auto', n_components=None, random_state=None,
  svd_solver='auto', tol=0.0, whiten=False)",0.5,False,0.5,"{'clf__C': 0.0001, 'clf__kernel': 'linear', 'reduce_dim': PCA(copy=True, iterated_power='auto', n_components=None, random_state=None,
  svd_solver='auto', tol=0.0, whiten=False), 'select_features__drt': 0.5, 'select_features__group': False, 'select_features__npeaks': 0.5}",55,0.5555555555555556,0.6666666666666666,0.5,0.6875,0.5714285714285714,0.7647058823529411,0.21636603542796465,0.6110325354603467,0.03015611935232274,0.042172218159001594
32,12.227639118830362,11.650266329447428,0.5416666666666666,0.5417483660130719,0.0001,poly,,0,True,0,"{'clf__C': 0.0001, 'clf__kernel': 'poly', 'reduce_dim': None, 'select_features__drt': 0, 'select_features__group': True, 'select_features__npeaks': 0}",55,0.5555555555555556,0.5333333333333333,0.5,0.5625,0.5714285714285714,0.5294117647058824,0.20330762320621104,0.12139780925821829,0.03015611935232274,0.014760700298891065
33,11.83903686205546,13.256590525309244,0.5416666666666666,0.5417483660130719,0.0001,poly,,0,True,0.5,"{'clf__C': 0.0001, 'clf__kernel': 'poly', 'reduce_dim': None, 'select_features__drt': 0, 'select_features__group': True, 'select_features__npeaks': 0.5}",55,0.5555555555555556,0.5333333333333333,0.5,0.5625,0.5714285714285714,0.5294117647058824,0.20823579580849516,1.2505336303225267,0.03015611935232274,0.014760700298891065
34,14.175601243972778,13.744774659474691,0.5416666666666666,0.5417483660130719,0.0001,poly,,0,False,0,"{'clf__C': 0.0001, 'clf__kernel': 'poly', 'reduce_dim': None, 'select_features__drt': 0, 'select_features__group': False, 'select_features__npeaks': 0}",55,0.5555555555555556,0.5333333333333333,0.5,0.5625,0.5714285714285714,0.5294117647058824,0.4544778253199003,0.7175907309366664,0.03015611935232274,0.014760700298891065
35,13.8410165309906,12.16240390141805,0.5416666666666666,0.5417483660130719,0.0001,poly,,0,False,0.5,"{'clf__C': 0.0001, 'clf__kernel': 'poly', 'reduce_dim': None, 'select_features__drt': 0, 'select_features__group': False, 'select_features__npeaks': 0.5}",55,0.5555555555555556,0.5333333333333333,0.5,0.5625,0.5714285714285714,0.5294117647058824,0.8200617530511478,0.24826849817697164,0.03015611935232274,0.014760700298891065
36,11.944735288619995,11.668801466623941,0.5416666666666666,0.5417483660130719,0.0001,poly,,0.5,True,0,"{'clf__C': 0.0001, 'clf__kernel': 'poly', 'reduce_dim': None, 'select_features__drt': 0.5, 'select_features__group': True, 'select_features__npeaks': 0}",55,0.5555555555555556,0.5333333333333333,0.5,0.5625,0.5714285714285714,0.5294117647058824,0.03648630624295513,0.07314433598883627,0.03015611935232274,0.014760700298891065
37,11.891891797383627,11.915395657221476,0.5416666666666666,0.5417483660130719,0.0001,poly,,0.5,True,0.5,"{'clf__C': 0.0001, 'clf__kernel': 'poly', 'reduce_dim': None, 'select_features__drt': 0.5, 'select_features__group': True, 'select_features__npeaks': 0.5}",55,0.5555555555555556,0.5333333333333333,0.5,0.5625,0.5714285714285714,0.5294117647058824,0.17714401185821063,0.44135761920532623,0.03015611935232274,0.014760700298891065
38,225.72576173146567,13.420691967010498,0.5416666666666666,0.5417483660130719,0.0001,poly,,0.5,False,0,"{'clf__C': 0.0001, 'clf__kernel': 'poly', 'reduce_dim': None, 'select_features__drt': 0.5, 'select_features__group': False, 'select_features__npeaks': 0}",55,0.5555555555555556,0.5333333333333333,0.5,0.5625,0.5714285714285714,0.5294117647058824,302.7604208005492,1.5420096468899191,0.03015611935232274,0.014760700298891065
39,228.78981932004294,16.62541429201762,0.5416666666666666,0.5417483660130719,0.0001,poly,,0.5,False,0.5,"{'clf__C': 0.0001, 'clf__kernel': 'poly', 'reduce_dim': None, 'select_features__drt': 0.5, 'select_features__group': False, 'select_features__npeaks': 0.5}",55,0.5555555555555556,0.5333333333333333,0.5,0.5625,0.5714285714285714,0.5294117647058824,300.993725047681,1.1175476860889697,0.03015611935232274,0.014760700298891065
40,14.552423556645712,12.001766999562582,0.5,1.0,0.0001,poly,"PCA(copy=True, iterated_power='auto', n_components=None, random_state=None,
  svd_solver='auto', tol=0.0, whiten=False)",0,True,0,"{'clf__C': 0.0001, 'clf__kernel': 'poly', 'reduce_dim': PCA(copy=True, iterated_power='auto', n_components=None, random_state=None,
  svd_solver='auto', tol=0.0, whiten=False), 'select_features__drt': 0, 'select_features__group': True, 'select_features__npeaks': 0}",139,0.5555555555555556,1.0,0.5,1.0,0.42857142857142855,1.0,0.8679554907785878,0.33947476693154705,0.05143444998736399,0.0
41,12.349822998046875,11.77629280090332,0.5416666666666666,1.0,0.0001,poly,"PCA(copy=True, iterated_power='auto', n_components=None, random_state=None,
  svd_solver='auto', tol=0.0, whiten=False)",0,True,0.5,"{'clf__C': 0.0001, 'clf__kernel': 'poly', 'reduce_dim': PCA(copy=True, iterated_power='auto', n_components=None, random_state=None,
  svd_solver='auto', tol=0.0, whiten=False), 'select_features__drt': 0, 'select_features__group': True, 'select_features__npeaks': 0.5}",55,0.5555555555555556,1.0,0.5,1.0,0.5714285714285714,1.0,0.5904264810885691,0.26536886347748256,0.03015611935232274,0.0
42,11.893324851989746,11.918836116790771,0.5416666666666666,1.0,0.0001,poly,"PCA(copy=True, iterated_power='auto', n_components=None, random_state=None,
  svd_solver='auto', tol=0.0, whiten=False)",0,False,0,"{'clf__C': 0.0001, 'clf__kernel': 'poly', 'reduce_dim': PCA(copy=True, iterated_power='auto', n_components=None, random_state=None,
  svd_solver='auto', tol=0.0, whiten=False), 'select_features__drt': 0, 'select_features__group': False, 'select_features__npeaks': 0}",55,0.5555555555555556,1.0,0.5,1.0,0.5714285714285714,1.0,0.0793989259040094,0.18533238799916135,0.03015611935232274,0.0
43,11.754130045572916,11.593421697616577,0.5416666666666666,1.0,0.0001,poly,"PCA(copy=True, iterated_power='auto', n_components=None, random_state=None,
  svd_solver='auto', tol=0.0, whiten=False)",0,False,0.5,"{'clf__C': 0.0001, 'clf__kernel': 'poly', 'reduce_dim': PCA(copy=True, iterated_power='auto', n_components=None, random_state=None,
  svd_solver='auto', tol=0.0, whiten=False), 'select_features__drt': 0, 'select_features__group': False, 'select_features__npeaks': 0.5}",55,0.5555555555555556,1.0,0.5,1.0,0.5714285714285714,1.0,0.1822841732170544,0.12415639479746415,0.03015611935232274,0.0
44,16.99665625890096,13.964282433191935,0.5416666666666666,1.0,0.0001,poly,"PCA(copy=True, iterated_power='auto', n_components=None, random_state=None,
  svd_solver='auto', tol=0.0, whiten=False)",0.5,True,0,"{'clf__C': 0.0001, 'clf__kernel': 'poly', 'reduce_dim': PCA(copy=True, iterated_power='auto', n_components=None, random_state=None,
  svd_solver='auto', tol=0.0, whiten=False), 'select_features__drt': 0.5, 'select_features__group': True, 'select_features__npeaks': 0}",55,0.5555555555555556,1.0,0.5,1.0,0.5714285714285714,1.0,1.3728234256121974,1.0892487883764181,0.03015611935232274,0.0
45,14.524999062220255,12.507694959640503,0.5416666666666666,1.0,0.0001,poly,"PCA(copy=True, iterated_power='auto', n_components=None, random_state=None,
  svd_solver='auto', tol=0.0, whiten=False)",0.5,True,0.5,"{'clf__C': 0.0001, 'clf__kernel': 'poly', 'reduce_dim': PCA(copy=True, iterated_power='auto', n_components=None, random_state=None,
  svd_solver='auto', tol=0.0, whiten=False), 'select_features__drt': 0.5, 'select_features__group': True, 'select_features__npeaks': 0.5}",55,0.5555555555555556,1.0,0.5,1.0,0.5714285714285714,1.0,1.8625495485886447,0.5228469464180566,0.03015611935232274,0.0
46,12.711337725321451,12.092239379882812,0.5416666666666666,1.0,0.0001,poly,"PCA(copy=True, iterated_power='auto', n_components=None, random_state=None,
  svd_solver='auto', tol=0.0, whiten=False)",0.5,False,0,"{'clf__C': 0.0001, 'clf__kernel': 'poly', 'reduce_dim': PCA(copy=True, iterated_power='auto', n_components=None, random_state=None,
  svd_solver='auto', tol=0.0, whiten=False), 'select_features__drt': 0.5, 'select_features__group': False, 'select_features__npeaks': 0}",55,0.5555555555555556,1.0,0.5,1.0,0.5714285714285714,1.0,0.1660076940414509,0.1612356348812749,0.03015611935232274,0.0
47,12.417872428894043,12.041823546091715,0.5416666666666666,1.0,0.0001,poly,"PCA(copy=True, iterated_power='auto', n_components=None, random_state=None,
  svd_solver='auto', tol=0.0, whiten=False)",0.5,False,0.5,"{'clf__C': 0.0001, 'clf__kernel': 'poly', 'reduce_dim': PCA(copy=True, iterated_power='auto', n_components=None, random_state=None,
  svd_solver='auto', tol=0.0, whiten=False), 'select_features__drt': 0.5, 'select_features__group': False, 'select_features__npeaks': 0.5}",55,0.5555555555555556,1.0,0.5,1.0,0.5714285714285714,1.0,0.061553927316979624,0.1485287591179262,0.03015611935232274,0.0
48,12.310890754063925,11.855424563090006,0.625,1.0,1.0,rbf,,0,True,0,"{'clf__C': 1.0, 'clf__kernel': 'rbf', 'reduce_dim': None, 'select_features__drt': 0, 'select_features__group': True, 'select_features__npeaks': 0}",39,0.6666666666666666,1.0,0.625,1.0,0.5714285714285714,1.0,0.0404476109135953,0.35740242928887955,0.03857583749052298,0.0
49,12.858189582824707,12.017735322316488,0.625,1.0,1.0,rbf,,0,True,0.5,"{'clf__C': 1.0, 'clf__kernel': 'rbf', 'reduce_dim': None, 'select_features__drt': 0, 'select_features__group': True, 'select_features__npeaks': 0.5}",39,0.7777777777777778,1.0,0.5,1.0,0.5714285714285714,1.0,0.8269557767923198,0.39347999572632153,0.1216481829838836,0.0
50,12.078859011332193,12.460937341054281,0.625,1.0,1.0,rbf,,0,False,0,"{'clf__C': 1.0, 'clf__kernel': 'rbf', 'reduce_dim': None, 'select_features__drt': 0, 'select_features__group': False, 'select_features__npeaks': 0}",39,0.6666666666666666,1.0,0.625,1.0,0.5714285714285714,1.0,0.01921439747211377,0.32844926614367265,0.03857583749052298,0.0
51,11.911482095718384,12.078505277633667,0.5833333333333334,1.0,1.0,rbf,,0,False,0.5,"{'clf__C': 1.0, 'clf__kernel': 'rbf', 'reduce_dim': None, 'select_features__drt': 0, 'select_features__group': False, 'select_features__npeaks': 0.5}",50,0.6666666666666666,1.0,0.5,1.0,0.5714285714285714,1.0,0.10776522645608834,0.07499947852303902,0.07042952122737636,0.0
52,12.13245439529419,12.346205711364746,0.625,1.0,1.0,rbf,,0.5,True,0,"{'clf__C': 1.0, 'clf__kernel': 'rbf', 'reduce_dim': None, 'select_features__drt': 0.5, 'select_features__group': True, 'select_features__npeaks': 0}",39,0.6666666666666666,1.0,0.625,1.0,0.5714285714285714,1.0,0.14243027970105818,0.03992114877275321,0.03857583749052298,0.0
53,11.923717021942139,12.767240047454834,0.625,1.0,1.0,rbf,,0.5,True,0.5,"{'clf__C': 1.0, 'clf__kernel': 'rbf', 'reduce_dim': None, 'select_features__drt': 0.5, 'select_features__group': True, 'select_features__npeaks': 0.5}",39,0.7777777777777778,1.0,0.5,1.0,0.5714285714285714,1.0,0.09061216266295505,0.2374660463205952,0.1216481829838836,0.0
54,12.537213007609049,12.791322708129883,0.5416666666666666,1.0,1.0,rbf,,0.5,False,0,"{'clf__C': 1.0, 'clf__kernel': 'rbf', 'reduce_dim': None, 'select_features__drt': 0.5, 'select_features__group': False, 'select_features__npeaks': 0}",55,0.5555555555555556,1.0,0.5,1.0,0.5714285714285714,1.0,0.6388463820028827,0.23189785046975206,0.03015611935232274,0.0
55,13.22602383295695,12.336814800898233,0.5833333333333334,1.0,1.0,rbf,,0.5,False,0.5,"{'clf__C': 1.0, 'clf__kernel': 'rbf', 'reduce_dim': None, 'select_features__drt': 0.5, 'select_features__group': False, 'select_features__npeaks': 0.5}",50,0.5555555555555556,1.0,0.625,1.0,0.5714285714285714,1.0,0.15043728064526782,0.1281875308843303,0.03015611935232274,0.0
56,11.964062611262003,11.791839440663656,0.5416666666666666,1.0,1.0,rbf,"PCA(copy=True, iterated_power='auto', n_components=None, random_state=None,
  svd_solver='auto', tol=0.0, whiten=False)",0,True,0,"{'clf__C': 1.0, 'clf__kernel': 'rbf', 'reduce_dim': PCA(copy=True, iterated_power='auto', n_components=None, random_state=None,
  svd_solver='auto', tol=0.0, whiten=False), 'select_features__drt': 0, 'select_features__group': True, 'select_features__npeaks': 0}",55,0.5555555555555556,1.0,0.5,1.0,0.5714285714285714,1.0,0.011892884061381,0.10114175507571109,0.03015611935232274,0.0
57,12.818552335103353,12.960655371348063,0.5416666666666666,1.0,1.0,rbf,"PCA(copy=True, iterated_power='auto', n_components=None, random_state=None,
  svd_solver='auto', tol=0.0, whiten=False)",0,True,0.5,"{'clf__C': 1.0, 'clf__kernel': 'rbf', 'reduce_dim': PCA(copy=True, iterated_power='auto', n_components=None, random_state=None,
  svd_solver='auto', tol=0.0, whiten=False), 'select_features__drt': 0, 'select_features__group': True, 'select_features__npeaks': 0.5}",55,0.5555555555555556,1.0,0.5,1.0,0.5714285714285714,1.0,0.640272423038651,1.0154494417843325,0.03015611935232274,0.0
58,13.90241026878357,12.383753776550293,0.5416666666666666,1.0,1.0,rbf,"PCA(copy=True, iterated_power='auto', n_components=None, random_state=None,
  svd_solver='auto', tol=0.0, whiten=False)",0,False,0,"{'clf__C': 1.0, 'clf__kernel': 'rbf', 'reduce_dim': PCA(copy=True, iterated_power='auto', n_components=None, random_state=None,
  svd_solver='auto', tol=0.0, whiten=False), 'select_features__drt': 0, 'select_features__group': False, 'select_features__npeaks': 0}",55,0.5555555555555556,1.0,0.5,1.0,0.5714285714285714,1.0,0.5998380637786035,0.528067430210504,0.03015611935232274,0.0
59,12.69092353185018,11.603580236434937,0.5416666666666666,1.0,1.0,rbf,"PCA(copy=True, iterated_power='auto', n_components=None, random_state=None,
  svd_solver='auto', tol=0.0, whiten=False)",0,False,0.5,"{'clf__C': 1.0, 'clf__kernel': 'rbf', 'reduce_dim': PCA(copy=True, iterated_power='auto', n_components=None, random_state=None,
  svd_solver='auto', tol=0.0, whiten=False), 'select_features__drt': 0, 'select_features__group': False, 'select_features__npeaks': 0.5}",55,0.5555555555555556,1.0,0.5,1.0,0.5714285714285714,1.0,0.1526175023544147,0.15646483437999267,0.03015611935232274,0.0
60,11.868705670038858,11.912266651789347,0.5416666666666666,1.0,1.0,rbf,"PCA(copy=True, iterated_power='auto', n_components=None, random_state=None,
  svd_solver='auto', tol=0.0, whiten=False)",0.5,True,0,"{'clf__C': 1.0, 'clf__kernel': 'rbf', 'reduce_dim': PCA(copy=True, iterated_power='auto', n_components=None, random_state=None,
  svd_solver='auto', tol=0.0, whiten=False), 'select_features__drt': 0.5, 'select_features__group': True, 'select_features__npeaks': 0}",55,0.5555555555555556,1.0,0.5,1.0,0.5714285714285714,1.0,0.07939261729192353,0.10016360748384931,0.03015611935232274,0.0
61,11.941152493158976,11.722696701685587,0.5416666666666666,1.0,1.0,rbf,"PCA(copy=True, iterated_power='auto', n_components=None, random_state=None,
  svd_solver='auto', tol=0.0, whiten=False)",0.5,True,0.5,"{'clf__C': 1.0, 'clf__kernel': 'rbf', 'reduce_dim': PCA(copy=True, iterated_power='auto', n_components=None, random_state=None,
  svd_solver='auto', tol=0.0, whiten=False), 'select_features__drt': 0.5, 'select_features__group': True, 'select_features__npeaks': 0.5}",55,0.5555555555555556,1.0,0.5,1.0,0.5714285714285714,1.0,0.12600664632756683,0.2415101021690826,0.03015611935232274,0.0
62,11.987217426300049,11.5363556543986,0.5416666666666666,1.0,1.0,rbf,"PCA(copy=True, iterated_power='auto', n_components=None, random_state=None,
  svd_solver='auto', tol=0.0, whiten=False)",0.5,False,0,"{'clf__C': 1.0, 'clf__kernel': 'rbf', 'reduce_dim': PCA(copy=True, iterated_power='auto', n_components=None, random_state=None,
  svd_solver='auto', tol=0.0, whiten=False), 'select_features__drt': 0.5, 'select_features__group': False, 'select_features__npeaks': 0}",55,0.5555555555555556,1.0,0.5,1.0,0.5714285714285714,1.0,0.06381994872617093,0.12452921636961418,0.03015611935232274,0.0
63,11.879388252894083,11.729692459106445,0.5416666666666666,1.0,1.0,rbf,"PCA(copy=True, iterated_power='auto', n_components=None, random_state=None,
  svd_solver='auto', tol=0.0, whiten=False)",0.5,False,0.5,"{'clf__C': 1.0, 'clf__kernel': 'rbf', 'reduce_dim': PCA(copy=True, iterated_power='auto', n_components=None, random_state=None,
  svd_solver='auto', tol=0.0, whiten=False), 'select_features__drt': 0.5, 'select_features__group': False, 'select_features__npeaks': 0.5}",55,0.5555555555555556,1.0,0.5,1.0,0.5714285714285714,1.0,0.04619827962583531,0.24307712598998094,0.03015611935232274,0.0
64,14.167617877324423,15.954172690709433,0.625,1.0,1.0,linear,,0,True,0,"{'clf__C': 1.0, 'clf__kernel': 'linear', 'reduce_dim': None, 'select_features__drt': 0, 'select_features__group': True, 'select_features__npeaks': 0}",39,0.6666666666666666,1.0,0.5,1.0,0.7142857142857143,1.0,0.16856745182813865,0.3291166550115676,0.09046835805696823,0.0
65,14.540202061335245,13.806841691335043,0.7083333333333334,1.0,1.0,linear,,0,True,0.5,"{'clf__C': 1.0, 'clf__kernel': 'linear', 'reduce_dim': None, 'select_features__drt': 0, 'select_features__group': True, 'select_features__npeaks': 0.5}",13,0.7777777777777778,1.0,0.625,1.0,0.7142857142857143,1.0,0.14520961381006398,2.0987845341902895,0.06429306248420497,0.0
66,13.687530676523844,12.238853931427002,0.75,1.0,1.0,linear,,0,False,0,"{'clf__C': 1.0, 'clf__kernel': 'linear', 'reduce_dim': None, 'select_features__drt': 0, 'select_features__group': False, 'select_features__npeaks': 0}",1,0.6666666666666666,1.0,0.875,1.0,0.7142857142857143,1.0,0.24121671689300725,0.15311468695467725,0.09046835805696825,0.0
67,13.358185132344564,12.464252948760986,0.75,1.0,1.0,linear,,0,False,0.5,"{'clf__C': 1.0, 'clf__kernel': 'linear', 'reduce_dim': None, 'select_features__drt': 0, 'select_features__group': False, 'select_features__npeaks': 0.5}",1,0.6666666666666666,1.0,0.875,1.0,0.7142857142857143,1.0,0.4143170318227379,0.3388439593532089,0.09046835805696825,0.0
68,12.917436997095743,12.23374056816101,0.7083333333333334,1.0,1.0,linear,,0.5,True,0,"{'clf__C': 1.0, 'clf__kernel': 'linear', 'reduce_dim': None, 'select_features__drt': 0.5, 'select_features__group': True, 'select_features__npeaks': 0}",13,0.6666666666666666,1.0,0.75,1.0,0.7142857142857143,1.0,0.4268599027524919,0.368679919705399,0.03521476061368821,0.0
69,12.446253061294556,13.051288684209188,0.7083333333333334,1.0,1.0,linear,,0.5,True,0.5,"{'clf__C': 1.0, 'clf__kernel': 'linear', 'reduce_dim': None, 'select_features__drt': 0.5, 'select_features__group': True, 'select_features__npeaks': 0.5}",13,0.7777777777777778,1.0,0.625,1.0,0.7142857142857143,1.0,0.7010612262683773,0.969998812606274,0.06429306248420497,0.0
70,12.478135108947754,14.799948692321777,0.7083333333333334,1.0,1.0,linear,,0.5,False,0,"{'clf__C': 1.0, 'clf__kernel': 'linear', 'reduce_dim': None, 'select_features__drt': 0.5, 'select_features__group': False, 'select_features__npeaks': 0}",13,0.6666666666666666,1.0,0.875,1.0,0.5714285714285714,1.0,0.32175675950341154,1.0233178967249381,0.12400396819047418,0.0
71,13.384931564331055,13.052525043487549,0.7083333333333334,1.0,1.0,linear,,0.5,False,0.5,"{'clf__C': 1.0, 'clf__kernel': 'linear', 'reduce_dim': None, 'select_features__drt': 0.5, 'select_features__group': False, 'select_features__npeaks': 0.5}",13,0.6666666666666666,1.0,0.875,1.0,0.5714285714285714,1.0,0.3148457596187221,0.2836771683770675,0.12400396819047418,0.0
72,12.103721936543783,15.395934343338013,0.625,1.0,1.0,linear,"PCA(copy=True, iterated_power='auto', n_components=None, random_state=None,
  svd_solver='auto', tol=0.0, whiten=False)",0,True,0,"{'clf__C': 1.0, 'clf__kernel': 'linear', 'reduce_dim': PCA(copy=True, iterated_power='auto', n_components=None, random_state=None,
  svd_solver='auto', tol=0.0, whiten=False), 'select_features__drt': 0, 'select_features__group': True, 'select_features__npeaks': 0}",39,0.6666666666666666,1.0,0.5,1.0,0.7142857142857143,1.0,0.12624389147898782,1.3504114909084013,0.09046835805696823,0.0
73,14.662383715311686,14.591762940088907,0.7083333333333334,1.0,1.0,linear,"PCA(copy=True, iterated_power='auto', n_components=None, random_state=None,
  svd_solver='auto', tol=0.0, whiten=False)",0,True,0.5,"{'clf__C': 1.0, 'clf__kernel': 'linear', 'reduce_dim': PCA(copy=True, iterated_power='auto', n_components=None, random_state=None,
  svd_solver='auto', tol=0.0, whiten=False), 'select_features__drt': 0, 'select_features__group': True, 'select_features__npeaks': 0.5}",13,0.7777777777777778,1.0,0.625,1.0,0.7142857142857143,1.0,1.6861560316260653,1.5397581851950117,0.06429306248420497,0.0
74,14.421682834625244,15.705511569976807,0.75,1.0,1.0,linear,"PCA(copy=True, iterated_power='auto', n_components=None, random_state=None,
  svd_solver='auto', tol=0.0, whiten=False)",0,False,0,"{'clf__C': 1.0, 'clf__kernel': 'linear', 'reduce_dim': PCA(copy=True, iterated_power='auto', n_components=None, random_state=None,
  svd_solver='auto', tol=0.0, whiten=False), 'select_features__drt': 0, 'select_features__group': False, 'select_features__npeaks': 0}",1,0.6666666666666666,1.0,0.875,1.0,0.7142857142857143,1.0,0.8180083217772153,2.5348082643505334,0.09046835805696825,0.0
75,16.844225724538166,17.319432338078816,0.75,1.0,1.0,linear,"PCA(copy=True, iterated_power='auto', n_components=None, random_state=None,
  svd_solver='auto', tol=0.0, whiten=False)",0,False,0.5,"{'clf__C': 1.0, 'clf__kernel': 'linear', 'reduce_dim': PCA(copy=True, iterated_power='auto', n_components=None, random_state=None,
  svd_solver='auto', tol=0.0, whiten=False), 'select_features__drt': 0, 'select_features__group': False, 'select_features__npeaks': 0.5}",1,0.6666666666666666,1.0,0.875,1.0,0.7142857142857143,1.0,1.2890084438808682,1.6155424364741737,0.09046835805696825,0.0
76,17.482977708180744,16.004602591196697,0.7083333333333334,1.0,1.0,linear,"PCA(copy=True, iterated_power='auto', n_components=None, random_state=None,
  svd_solver='auto', tol=0.0, whiten=False)",0.5,True,0,"{'clf__C': 1.0, 'clf__kernel': 'linear', 'reduce_dim': PCA(copy=True, iterated_power='auto', n_components=None, random_state=None,
  svd_solver='auto', tol=0.0, whiten=False), 'select_features__drt': 0.5, 'select_features__group': True, 'select_features__npeaks': 0}",13,0.6666666666666666,1.0,0.75,1.0,0.7142857142857143,1.0,0.21003879882739926,0.34505599455268327,0.03521476061368821,0.0
77,17.342164675394695,15.890907446543375,0.7083333333333334,1.0,1.0,linear,"PCA(copy=True, iterated_power='auto', n_components=None, random_state=None,
  svd_solver='auto', tol=0.0, whiten=False)",0.5,True,0.5,"{'clf__C': 1.0, 'clf__kernel': 'linear', 'reduce_dim': PCA(copy=True, iterated_power='auto', n_components=None, random_state=None,
  svd_solver='auto', tol=0.0, whiten=False), 'select_features__drt': 0.5, 'select_features__group': True, 'select_features__npeaks': 0.5}",13,0.7777777777777778,1.0,0.625,1.0,0.7142857142857143,1.0,0.6179392602974191,0.6297611771695203,0.06429306248420497,0.0
78,18.004470984141033,15.62857977549235,0.7083333333333334,1.0,1.0,linear,"PCA(copy=True, iterated_power='auto', n_components=None, random_state=None,
  svd_solver='auto', tol=0.0, whiten=False)",0.5,False,0,"{'clf__C': 1.0, 'clf__kernel': 'linear', 'reduce_dim': PCA(copy=True, iterated_power='auto', n_components=None, random_state=None,
  svd_solver='auto', tol=0.0, whiten=False), 'select_features__drt': 0.5, 'select_features__group': False, 'select_features__npeaks': 0}",13,0.6666666666666666,1.0,0.875,1.0,0.5714285714285714,1.0,2.304595335919183,1.454169959209996,0.12400396819047418,0.0
79,21.095834334691364,16.92347502708435,0.7083333333333334,1.0,1.0,linear,"PCA(copy=True, iterated_power='auto', n_components=None, random_state=None,
  svd_solver='auto', tol=0.0, whiten=False)",0.5,False,0.5,"{'clf__C': 1.0, 'clf__kernel': 'linear', 'reduce_dim': PCA(copy=True, iterated_power='auto', n_components=None, random_state=None,
  svd_solver='auto', tol=0.0, whiten=False), 'select_features__drt': 0.5, 'select_features__group': False, 'select_features__npeaks': 0.5}",13,0.6666666666666666,1.0,0.875,1.0,0.5714285714285714,1.0,0.32547238197932166,0.8226770819211096,0.12400396819047418,0.0
80,17.074501276016235,15.76769733428955,0.5,0.9152777777777779,1.0,poly,,0,True,0,"{'clf__C': 1.0, 'clf__kernel': 'poly', 'reduce_dim': None, 'select_features__drt': 0, 'select_features__group': True, 'select_features__npeaks': 0}",139,0.5555555555555556,0.9333333333333333,0.5,0.8125,0.42857142857142855,1.0,0.5018612658008835,1.4486854531918847,0.05143444998736399,0.07760397247054995
81,18.71663228670756,13.344740390777588,0.5,0.9152777777777779,1.0,poly,,0,True,0.5,"{'clf__C': 1.0, 'clf__kernel': 'poly', 'reduce_dim': None, 'select_features__drt': 0, 'select_features__group': True, 'select_features__npeaks': 0.5}",139,0.5555555555555556,0.9333333333333333,0.5,0.8125,0.42857142857142855,1.0,0.9330447345224084,0.196817513117691,0.05143444998736399,0.07760397247054995
82,15.86221432685852,16.444546937942505,0.5416666666666666,0.9361111111111112,1.0,poly,,0,False,0,"{'clf__C': 1.0, 'clf__kernel': 'poly', 'reduce_dim': None, 'select_features__drt': 0, 'select_features__group': False, 'select_features__npeaks': 0}",55,0.5555555555555556,0.9333333333333333,0.5,0.875,0.5714285714285714,1.0,1.9428239769679831,2.166049744611236,0.03015611935232274,0.051068823085695096
83,19.704579671223957,19.489860614140827,0.5833333333333334,0.9152777777777779,1.0,poly,,0,False,0.5,"{'clf__C': 1.0, 'clf__kernel': 'poly', 'reduce_dim': None, 'select_features__drt': 0, 'select_features__group': False, 'select_features__npeaks': 0.5}",50,0.5555555555555556,0.9333333333333333,0.5,0.8125,0.7142857142857143,1.0,0.5117069736042481,0.34376580067880474,0.08721135307871393,0.07760397247054995
84,16.119256178538006,14.462486823399862,0.5833333333333334,0.9152777777777779,1.0,poly,,0.5,True,0,"{'clf__C': 1.0, 'clf__kernel': 'poly', 'reduce_dim': None, 'select_features__drt': 0.5, 'select_features__group': True, 'select_features__npeaks': 0}",50,0.5555555555555556,0.9333333333333333,0.5,0.8125,0.7142857142857143,1.0,1.1535206887902305,0.536908038297418,0.08721135307871393,0.07760397247054995
85,15.783917347590128,13.844882329305014,0.5833333333333334,0.9152777777777779,1.0,poly,,0.5,True,0.5,"{'clf__C': 1.0, 'clf__kernel': 'poly', 'reduce_dim': None, 'select_features__drt': 0.5, 'select_features__group': True, 'select_features__npeaks': 0.5}",50,0.5555555555555556,0.9333333333333333,0.5,0.8125,0.7142857142857143,1.0,1.056657257737432,0.5557448699096625,0.08721135307871393,0.07760397247054995
86,16.081416368484497,13.465081214904785,0.5416666666666666,0.9152777777777779,1.0,poly,,0.5,False,0,"{'clf__C': 1.0, 'clf__kernel': 'poly', 'reduce_dim': None, 'select_features__drt': 0.5, 'select_features__group': False, 'select_features__npeaks': 0}",55,0.5555555555555556,0.9333333333333333,0.5,0.8125,0.5714285714285714,1.0,0.8507318129353805,0.8580585367915498,0.03015611935232274,0.07760397247054995
87,15.09486714998881,14.258105754852295,0.5416666666666666,0.8930555555555556,1.0,poly,,0.5,False,0.5,"{'clf__C': 1.0, 'clf__kernel': 'poly', 'reduce_dim': None, 'select_features__drt': 0.5, 'select_features__group': False, 'select_features__npeaks': 0.5}",55,0.5555555555555556,0.8666666666666667,0.5,0.8125,0.5714285714285714,1.0,0.19760062914450027,0.6008905995758906,0.03015611935232274,0.07878808113157129
88,14.434867938359579,14.566234032313028,0.5,1.0,1.0,poly,"PCA(copy=True, iterated_power='auto', n_components=None, random_state=None,
  svd_solver='auto', tol=0.0, whiten=False)",0,True,0,"{'clf__C': 1.0, 'clf__kernel': 'poly', 'reduce_dim': PCA(copy=True, iterated_power='auto', n_components=None, random_state=None,
  svd_solver='auto', tol=0.0, whiten=False), 'select_features__drt': 0, 'select_features__group': True, 'select_features__npeaks': 0}",139,0.5555555555555556,1.0,0.5,1.0,0.42857142857142855,1.0,0.4333542086597712,0.4676444169128397,0.05143444998736399,0.0
89,16.459941148757935,16.52413296699524,0.5416666666666666,1.0,1.0,poly,"PCA(copy=True, iterated_power='auto', n_components=None, random_state=None,
  svd_solver='auto', tol=0.0, whiten=False)",0,True,0.5,"{'clf__C': 1.0, 'clf__kernel': 'poly', 'reduce_dim': PCA(copy=True, iterated_power='auto', n_components=None, random_state=None,
  svd_solver='auto', tol=0.0, whiten=False), 'select_features__drt': 0, 'select_features__group': True, 'select_features__npeaks': 0.5}",55,0.5555555555555556,1.0,0.5,1.0,0.5714285714285714,1.0,1.113591631568559,1.6305295493097574,0.03015611935232274,0.0
90,15.230218966801962,16.97714646657308,0.5416666666666666,1.0,1.0,poly,"PCA(copy=True, iterated_power='auto', n_components=None, random_state=None,
  svd_solver='auto', tol=0.0, whiten=False)",0,False,0,"{'clf__C': 1.0, 'clf__kernel': 'poly', 'reduce_dim': PCA(copy=True, iterated_power='auto', n_components=None, random_state=None,
  svd_solver='auto', tol=0.0, whiten=False), 'select_features__drt': 0, 'select_features__group': False, 'select_features__npeaks': 0}",55,0.5555555555555556,1.0,0.5,1.0,0.5714285714285714,1.0,0.6334066419036403,1.9502457106739852,0.03015611935232274,0.0
91,13.33030891418457,13.97347903251648,0.5416666666666666,1.0,1.0,poly,"PCA(copy=True, iterated_power='auto', n_components=None, random_state=None,
  svd_solver='auto', tol=0.0, whiten=False)",0,False,0.5,"{'clf__C': 1.0, 'clf__kernel': 'poly', 'reduce_dim': PCA(copy=True, iterated_power='auto', n_components=None, random_state=None,
  svd_solver='auto', tol=0.0, whiten=False), 'select_features__drt': 0, 'select_features__group': False, 'select_features__npeaks': 0.5}",55,0.5555555555555556,1.0,0.5,1.0,0.5714285714285714,1.0,0.2870316987584081,0.08754610554048466,0.03015611935232274,0.0
92,13.140730619430542,13.430732250213623,0.5416666666666666,1.0,1.0,poly,"PCA(copy=True, iterated_power='auto', n_components=None, random_state=None,
  svd_solver='auto', tol=0.0, whiten=False)",0.5,True,0,"{'clf__C': 1.0, 'clf__kernel': 'poly', 'reduce_dim': PCA(copy=True, iterated_power='auto', n_components=None, random_state=None,
  svd_solver='auto', tol=0.0, whiten=False), 'select_features__drt': 0.5, 'select_features__group': True, 'select_features__npeaks': 0}",55,0.5555555555555556,1.0,0.5,1.0,0.5714285714285714,1.0,0.2998341214980394,0.2926191051297466,0.03015611935232274,0.0
93,12.322043816248575,12.571762323379517,0.5416666666666666,1.0,1.0,poly,"PCA(copy=True, iterated_power='auto', n_components=None, random_state=None,
  svd_solver='auto', tol=0.0, whiten=False)",0.5,True,0.5,"{'clf__C': 1.0, 'clf__kernel': 'poly', 'reduce_dim': PCA(copy=True, iterated_power='auto', n_components=None, random_state=None,
  svd_solver='auto', tol=0.0, whiten=False), 'select_features__drt': 0.5, 'select_features__group': True, 'select_features__npeaks': 0.5}",55,0.5555555555555556,1.0,0.5,1.0,0.5714285714285714,1.0,0.26762204544801077,0.9144563496487714,0.03015611935232274,0.0
94,12.156809488932291,11.811901807785034,0.5416666666666666,1.0,1.0,poly,"PCA(copy=True, iterated_power='auto', n_components=None, random_state=None,
  svd_solver='auto', tol=0.0, whiten=False)",0.5,False,0,"{'clf__C': 1.0, 'clf__kernel': 'poly', 'reduce_dim': PCA(copy=True, iterated_power='auto', n_components=None, random_state=None,
  svd_solver='auto', tol=0.0, whiten=False), 'select_features__drt': 0.5, 'select_features__group': False, 'select_features__npeaks': 0}",55,0.5555555555555556,1.0,0.5,1.0,0.5714285714285714,1.0,0.16638077918256808,0.15172146639960832,0.03015611935232274,0.0
95,11.837471882502237,12.404486656188965,0.5416666666666666,1.0,1.0,poly,"PCA(copy=True, iterated_power='auto', n_components=None, random_state=None,
  svd_solver='auto', tol=0.0, whiten=False)",0.5,False,0.5,"{'clf__C': 1.0, 'clf__kernel': 'poly', 'reduce_dim': PCA(copy=True, iterated_power='auto', n_components=None, random_state=None,
  svd_solver='auto', tol=0.0, whiten=False), 'select_features__drt': 0.5, 'select_features__group': False, 'select_features__npeaks': 0.5}",55,0.5555555555555556,1.0,0.5,1.0,0.5714285714285714,1.0,0.019009353065842068,0.5490947010870053,0.03015611935232274,0.0
96,11.912212053934732,12.811984697977701,0.75,1.0,10000.0,rbf,,0,True,0,"{'clf__C': 10000.0, 'clf__kernel': 'rbf', 'reduce_dim': None, 'select_features__drt': 0, 'select_features__group': True, 'select_features__npeaks': 0}",1,0.7777777777777778,1.0,0.625,1.0,0.8571428571428571,1.0,0.0899701171379258,0.5590035203667083,0.09405264201977245,0.0
97,17.205570379892986,14.085762023925781,0.75,1.0,10000.0,rbf,,0,True,0.5,"{'clf__C': 10000.0, 'clf__kernel': 'rbf', 'reduce_dim': None, 'select_features__drt': 0, 'select_features__group': True, 'select_features__npeaks': 0.5}",1,0.8888888888888888,1.0,0.75,1.0,0.5714285714285714,1.0,3.6893680837229366,0.13690354217738016,0.1285861249684099,0.0
98,885.7626624107361,16.417532126108807,0.7083333333333334,1.0,10000.0,rbf,,0,False,0,"{'clf__C': 10000.0, 'clf__kernel': 'rbf', 'reduce_dim': None, 'select_features__drt': 0, 'select_features__group': False, 'select_features__npeaks': 0}",13,0.6666666666666666,1.0,0.75,1.0,0.7142857142857143,1.0,1226.9375378228283,4.822191423516126,0.03521476061368821,0.0
99,2624.365492582321,22.84902064005534,0.7083333333333334,1.0,10000.0,rbf,,0,False,0.5,"{'clf__C': 10000.0, 'clf__kernel': 'rbf', 'reduce_dim': None, 'select_features__drt': 0, 'select_features__group': False, 'select_features__npeaks': 0.5}",13,0.6666666666666666,1.0,0.75,1.0,0.7142857142857143,1.0,2.7212725414168593,2.0027580933770235,0.03521476061368821,0.0
100,12.065751393636068,13.787755648295084,0.6666666666666666,1.0,10000.0,rbf,,0.5,True,0,"{'clf__C': 10000.0, 'clf__kernel': 'rbf', 'reduce_dim': None, 'select_features__drt': 0.5, 'select_features__group': True, 'select_features__npeaks': 0}",38,0.7777777777777778,1.0,0.625,1.0,0.5714285714285714,1.0,0.04055617821990756,0.24618776817800753,0.08862187077034643,0.0
101,13.063196102778116,166.1393699645996,0.75,1.0,10000.0,rbf,,0.5,True,0.5,"{'clf__C': 10000.0, 'clf__kernel': 'rbf', 'reduce_dim': None, 'select_features__drt': 0.5, 'select_features__group': True, 'select_features__npeaks': 0.5}",1,0.8888888888888888,1.0,0.5,1.0,0.8571428571428571,1.0,0.13947031406920174,107.3772573904188,0.17724374154069278,0.0
102,88.58271805445354,91.26852226257324,0.75,1.0,10000.0,rbf,,0.5,False,0,"{'clf__C': 10000.0, 'clf__kernel': 'rbf', 'reduce_dim': None, 'select_features__drt': 0.5, 'select_features__group': False, 'select_features__npeaks': 0}",1,0.6666666666666666,1.0,0.75,1.0,0.8571428571428571,1.0,107.79881612931446,108.66109919421858,0.07715167498104596,0.0
103,12.358124415079752,11.853732744852701,0.7083333333333334,1.0,10000.0,rbf,,0.5,False,0.5,"{'clf__C': 10000.0, 'clf__kernel': 'rbf', 'reduce_dim': None, 'select_features__drt': 0.5, 'select_features__group': False, 'select_features__npeaks': 0.5}",13,0.6666666666666666,1.0,0.75,1.0,0.7142857142857143,1.0,0.2139425049305702,0.19187514956270582,0.03521476061368821,0.0
104,1873.4796154499054,15.425020615259806,0.5416666666666666,1.0,10000.0,rbf,"PCA(copy=True, iterated_power='auto', n_components=None, random_state=None,
  svd_solver='auto', tol=0.0, whiten=False)",0,True,0,"{'clf__C': 10000.0, 'clf__kernel': 'rbf', 'reduce_dim': PCA(copy=True, iterated_power='auto', n_components=None, random_state=None,
  svd_solver='auto', tol=0.0, whiten=False), 'select_features__drt': 0, 'select_features__group': True, 'select_features__npeaks': 0}",55,0.5555555555555556,1.0,0.5,1.0,0.5714285714285714,1.0,2159.701099137203,0.7107266770627345,0.03015611935232274,0.0
105,16.58086323738098,13.777552286783854,0.5416666666666666,1.0,10000.0,rbf,"PCA(copy=True, iterated_power='auto', n_components=None, random_state=None,
  svd_solver='auto', tol=0.0, whiten=False)",0,True,0.5,"{'clf__C': 10000.0, 'clf__kernel': 'rbf', 'reduce_dim': PCA(copy=True, iterated_power='auto', n_components=None, random_state=None,
  svd_solver='auto', tol=0.0, whiten=False), 'select_features__drt': 0, 'select_features__group': True, 'select_features__npeaks': 0.5}",55,0.5555555555555556,1.0,0.5,1.0,0.5714285714285714,1.0,0.6976532949861363,0.8434844084511727,0.03015611935232274,0.0
106,14.777360995610556,12.017758766810099,0.5416666666666666,1.0,10000.0,rbf,"PCA(copy=True, iterated_power='auto', n_components=None, random_state=None,
  svd_solver='auto', tol=0.0, whiten=False)",0,False,0,"{'clf__C': 10000.0, 'clf__kernel': 'rbf', 'reduce_dim': PCA(copy=True, iterated_power='auto', n_components=None, random_state=None,
  svd_solver='auto', tol=0.0, whiten=False), 'select_features__drt': 0, 'select_features__group': False, 'select_features__npeaks': 0}",55,0.5555555555555556,1.0,0.5,1.0,0.5714285714285714,1.0,1.6398510109731363,0.3638709673922957,0.03015611935232274,0.0
107,12.216251134872437,11.711365302403768,0.5416666666666666,1.0,10000.0,rbf,"PCA(copy=True, iterated_power='auto', n_components=None, random_state=None,
  svd_solver='auto', tol=0.0, whiten=False)",0,False,0.5,"{'clf__C': 10000.0, 'clf__kernel': 'rbf', 'reduce_dim': PCA(copy=True, iterated_power='auto', n_components=None, random_state=None,
  svd_solver='auto', tol=0.0, whiten=False), 'select_features__drt': 0, 'select_features__group': False, 'select_features__npeaks': 0.5}",55,0.5555555555555556,1.0,0.5,1.0,0.5714285714285714,1.0,0.19153855556060978,0.20274378403809248,0.03015611935232274,0.0
108,12.247319221496582,11.66218908627828,0.5416666666666666,1.0,10000.0,rbf,"PCA(copy=True, iterated_power='auto', n_components=None, random_state=None,
  svd_solver='auto', tol=0.0, whiten=False)",0.5,True,0,"{'clf__C': 10000.0, 'clf__kernel': 'rbf', 'reduce_dim': PCA(copy=True, iterated_power='auto', n_components=None, random_state=None,
  svd_solver='auto', tol=0.0, whiten=False), 'select_features__drt': 0.5, 'select_features__group': True, 'select_features__npeaks': 0}",55,0.5555555555555556,1.0,0.5,1.0,0.5714285714285714,1.0,0.22812030370591144,0.11200937748961447,0.03015611935232274,0.0
109,11.996302366256714,11.55544900894165,0.5416666666666666,1.0,10000.0,rbf,"PCA(copy=True, iterated_power='auto', n_components=None, random_state=None,
  svd_solver='auto', tol=0.0, whiten=False)",0.5,True,0.5,"{'clf__C': 10000.0, 'clf__kernel': 'rbf', 'reduce_dim': PCA(copy=True, iterated_power='auto', n_components=None, random_state=None,
  svd_solver='auto', tol=0.0, whiten=False), 'select_features__drt': 0.5, 'select_features__group': True, 'select_features__npeaks': 0.5}",55,0.5555555555555556,1.0,0.5,1.0,0.5714285714285714,1.0,0.238057336014123,0.07630116294183444,0.03015611935232274,0.0
110,11.876970767974854,11.502720594406128,0.5416666666666666,1.0,10000.0,rbf,"PCA(copy=True, iterated_power='auto', n_components=None, random_state=None,
  svd_solver='auto', tol=0.0, whiten=False)",0.5,False,0,"{'clf__C': 10000.0, 'clf__kernel': 'rbf', 'reduce_dim': PCA(copy=True, iterated_power='auto', n_components=None, random_state=None,
  svd_solver='auto', tol=0.0, whiten=False), 'select_features__drt': 0.5, 'select_features__group': False, 'select_features__npeaks': 0}",55,0.5555555555555556,1.0,0.5,1.0,0.5714285714285714,1.0,0.2522481021598717,0.14015834410187672,0.03015611935232274,0.0
111,11.987180391947428,11.81300687789917,0.5416666666666666,1.0,10000.0,rbf,"PCA(copy=True, iterated_power='auto', n_components=None, random_state=None,
  svd_solver='auto', tol=0.0, whiten=False)",0.5,False,0.5,"{'clf__C': 10000.0, 'clf__kernel': 'rbf', 'reduce_dim': PCA(copy=True, iterated_power='auto', n_components=None, random_state=None,
  svd_solver='auto', tol=0.0, whiten=False), 'select_features__drt': 0.5, 'select_features__group': False, 'select_features__npeaks': 0.5}",55,0.5555555555555556,1.0,0.5,1.0,0.5714285714285714,1.0,0.2311292437214637,0.17473972593160142,0.03015611935232274,0.0
112,12.129942973454794,11.603796005249023,0.625,1.0,10000.0,linear,,0,True,0,"{'clf__C': 10000.0, 'clf__kernel': 'linear', 'reduce_dim': None, 'select_features__drt': 0, 'select_features__group': True, 'select_features__npeaks': 0}",39,0.6666666666666666,1.0,0.5,1.0,0.7142857142857143,1.0,0.11113444238912729,0.09232218815833204,0.09046835805696823,0.0
113,11.839680751164755,12.02231494585673,0.7083333333333334,1.0,10000.0,linear,,0,True,0.5,"{'clf__C': 10000.0, 'clf__kernel': 'linear', 'reduce_dim': None, 'select_features__drt': 0, 'select_features__group': True, 'select_features__npeaks': 0.5}",13,0.7777777777777778,1.0,0.625,1.0,0.7142857142857143,1.0,0.08910764906809633,0.3504285800289055,0.06429306248420497,0.0
114,12.05950665473938,11.847143411636353,0.75,1.0,10000.0,linear,,0,False,0,"{'clf__C': 10000.0, 'clf__kernel': 'linear', 'reduce_dim': None, 'select_features__drt': 0, 'select_features__group': False, 'select_features__npeaks': 0}",1,0.6666666666666666,1.0,0.875,1.0,0.7142857142857143,1.0,0.06566794451873201,0.15447676855855483,0.09046835805696825,0.0
115,11.863828738530477,11.483669201532999,0.75,1.0,10000.0,linear,,0,False,0.5,"{'clf__C': 10000.0, 'clf__kernel': 'linear', 'reduce_dim': None, 'select_features__drt': 0, 'select_features__group': False, 'select_features__npeaks': 0.5}",1,0.6666666666666666,1.0,0.875,1.0,0.7142857142857143,1.0,0.21375504289697603,0.03072752753758381,0.09046835805696825,0.0
116,12.16478689511617,11.616083463033041,0.7083333333333334,1.0,10000.0,linear,,0.5,True,0,"{'clf__C': 10000.0, 'clf__kernel': 'linear', 'reduce_dim': None, 'select_features__drt': 0.5, 'select_features__group': True, 'select_features__npeaks': 0}",13,0.6666666666666666,1.0,0.75,1.0,0.7142857142857143,1.0,0.2662123999672423,0.09773016294889235,0.03521476061368821,0.0
117,11.837299346923828,11.512784004211426,0.7083333333333334,1.0,10000.0,linear,,0.5,True,0.5,"{'clf__C': 10000.0, 'clf__kernel': 'linear', 'reduce_dim': None, 'select_features__drt': 0.5, 'select_features__group': True, 'select_features__npeaks': 0.5}",13,0.7777777777777778,1.0,0.625,1.0,0.7142857142857143,1.0,0.18771659898788332,0.055588722058575395,0.06429306248420497,0.0
118,11.798359235127768,11.699918111165365,0.7083333333333334,1.0,10000.0,linear,,0.5,False,0,"{'clf__C': 10000.0, 'clf__kernel': 'linear', 'reduce_dim': None, 'select_features__drt': 0.5, 'select_features__group': False, 'select_features__npeaks': 0}",13,0.6666666666666666,1.0,0.875,1.0,0.5714285714285714,1.0,0.12784823218941083,0.23070745917127972,0.12400396819047418,0.0
119,11.780695676803589,11.910231669743856,0.7083333333333334,1.0,10000.0,linear,,0.5,False,0.5,"{'clf__C': 10000.0, 'clf__kernel': 'linear', 'reduce_dim': None, 'select_features__drt': 0.5, 'select_features__group': False, 'select_features__npeaks': 0.5}",13,0.6666666666666666,1.0,0.875,1.0,0.5714285714285714,1.0,0.10168153849051376,0.1106492982768141,0.12400396819047418,0.0
120,12.112011671066284,11.731770435969034,0.625,1.0,10000.0,linear,"PCA(copy=True, iterated_power='auto', n_components=None, random_state=None,
  svd_solver='auto', tol=0.0, whiten=False)",0,True,0,"{'clf__C': 10000.0, 'clf__kernel': 'linear', 'reduce_dim': PCA(copy=True, iterated_power='auto', n_components=None, random_state=None,
  svd_solver='auto', tol=0.0, whiten=False), 'select_features__drt': 0, 'select_features__group': True, 'select_features__npeaks': 0}",39,0.6666666666666666,1.0,0.5,1.0,0.7142857142857143,1.0,0.08087930099645556,0.2519482678720221,0.09046835805696823,0.0
121,12.095020771026611,11.40162960688273,0.7083333333333334,1.0,10000.0,linear,"PCA(copy=True, iterated_power='auto', n_components=None, random_state=None,
  svd_solver='auto', tol=0.0, whiten=False)",0,True,0.5,"{'clf__C': 10000.0, 'clf__kernel': 'linear', 'reduce_dim': PCA(copy=True, iterated_power='auto', n_components=None, random_state=None,
  svd_solver='auto', tol=0.0, whiten=False), 'select_features__drt': 0, 'select_features__group': True, 'select_features__npeaks': 0.5}",13,0.7777777777777778,1.0,0.625,1.0,0.7142857142857143,1.0,0.23355440345169792,0.1074523296331734,0.06429306248420497,0.0
122,11.907293001810709,11.602925697962442,0.75,1.0,10000.0,linear,"PCA(copy=True, iterated_power='auto', n_components=None, random_state=None,
  svd_solver='auto', tol=0.0, whiten=False)",0,False,0,"{'clf__C': 10000.0, 'clf__kernel': 'linear', 'reduce_dim': PCA(copy=True, iterated_power='auto', n_components=None, random_state=None,
  svd_solver='auto', tol=0.0, whiten=False), 'select_features__drt': 0, 'select_features__group': False, 'select_features__npeaks': 0}",1,0.6666666666666666,1.0,0.875,1.0,0.7142857142857143,1.0,0.3054009212058814,0.14039827140290678,0.09046835805696825,0.0
123,11.817935307820639,11.520389000574747,0.75,1.0,10000.0,linear,"PCA(copy=True, iterated_power='auto', n_components=None, random_state=None,
  svd_solver='auto', tol=0.0, whiten=False)",0,False,0.5,"{'clf__C': 10000.0, 'clf__kernel': 'linear', 'reduce_dim': PCA(copy=True, iterated_power='auto', n_components=None, random_state=None,
  svd_solver='auto', tol=0.0, whiten=False), 'select_features__drt': 0, 'select_features__group': False, 'select_features__npeaks': 0.5}",1,0.6666666666666666,1.0,0.875,1.0,0.7142857142857143,1.0,0.10091060892407681,0.09248511673869128,0.09046835805696825,0.0
124,12.062953313191732,11.631884256998697,0.7083333333333334,1.0,10000.0,linear,"PCA(copy=True, iterated_power='auto', n_components=None, random_state=None,
  svd_solver='auto', tol=0.0, whiten=False)",0.5,True,0,"{'clf__C': 10000.0, 'clf__kernel': 'linear', 'reduce_dim': PCA(copy=True, iterated_power='auto', n_components=None, random_state=None,
  svd_solver='auto', tol=0.0, whiten=False), 'select_features__drt': 0.5, 'select_features__group': True, 'select_features__npeaks': 0}",13,0.6666666666666666,1.0,0.75,1.0,0.7142857142857143,1.0,0.2312644901897028,0.10503560844949002,0.03521476061368821,0.0
125,12.090811332066854,11.567994832992554,0.7083333333333334,1.0,10000.0,linear,"PCA(copy=True, iterated_power='auto', n_components=None, random_state=None,
  svd_solver='auto', tol=0.0, whiten=False)",0.5,True,0.5,"{'clf__C': 10000.0, 'clf__kernel': 'linear', 'reduce_dim': PCA(copy=True, iterated_power='auto', n_components=None, random_state=None,
  svd_solver='auto', tol=0.0, whiten=False), 'select_features__drt': 0.5, 'select_features__group': True, 'select_features__npeaks': 0.5}",13,0.7777777777777778,1.0,0.625,1.0,0.7142857142857143,1.0,0.2624315326498718,0.18508414423927516,0.06429306248420497,0.0
126,11.933797915776571,11.629506429036459,0.7083333333333334,1.0,10000.0,linear,"PCA(copy=True, iterated_power='auto', n_components=None, random_state=None,
  svd_solver='auto', tol=0.0, whiten=False)",0.5,False,0,"{'clf__C': 10000.0, 'clf__kernel': 'linear', 'reduce_dim': PCA(copy=True, iterated_power='auto', n_components=None, random_state=None,
  svd_solver='auto', tol=0.0, whiten=False), 'select_features__drt': 0.5, 'select_features__group': False, 'select_features__npeaks': 0}",13,0.6666666666666666,1.0,0.875,1.0,0.5714285714285714,1.0,0.21869407702288074,0.17079831466820275,0.12400396819047418,0.0
127,12.158629337946573,11.722096999486288,0.7083333333333334,1.0,10000.0,linear,"PCA(copy=True, iterated_power='auto', n_components=None, random_state=None,
  svd_solver='auto', tol=0.0, whiten=False)",0.5,False,0.5,"{'clf__C': 10000.0, 'clf__kernel': 'linear', 'reduce_dim': PCA(copy=True, iterated_power='auto', n_components=None, random_state=None,
  svd_solver='auto', tol=0.0, whiten=False), 'select_features__drt': 0.5, 'select_features__group': False, 'select_features__npeaks': 0.5}",13,0.6666666666666666,1.0,0.875,1.0,0.5714285714285714,1.0,0.16315032440732352,0.08248049648840036,0.12400396819047418,0.0
128,11.834404468536377,11.498737494150797,0.5,1.0,10000.0,poly,,0,True,0,"{'clf__C': 10000.0, 'clf__kernel': 'poly', 'reduce_dim': None, 'select_features__drt': 0, 'select_features__group': True, 'select_features__npeaks': 0}",139,0.5555555555555556,1.0,0.5,1.0,0.42857142857142855,1.0,0.03960435308712286,0.0866788732731605,0.05143444998736399,0.0
129,11.893344004948935,11.62851389249166,0.5416666666666666,1.0,10000.0,poly,,0,True,0.5,"{'clf__C': 10000.0, 'clf__kernel': 'poly', 'reduce_dim': None, 'select_features__drt': 0, 'select_features__group': True, 'select_features__npeaks': 0.5}",55,0.5555555555555556,1.0,0.5,1.0,0.5714285714285714,1.0,0.03826079000448565,0.21518381649934226,0.03015611935232274,0.0
130,11.803471088409424,11.535648584365845,0.5416666666666666,1.0,10000.0,poly,,0,False,0,"{'clf__C': 10000.0, 'clf__kernel': 'poly', 'reduce_dim': None, 'select_features__drt': 0, 'select_features__group': False, 'select_features__npeaks': 0}",55,0.5555555555555556,1.0,0.5,1.0,0.5714285714285714,1.0,0.2409587684409159,0.043543502716111945,0.03015611935232274,0.0
131,12.106934547424316,11.580142577489218,0.5416666666666666,1.0,10000.0,poly,,0,False,0.5,"{'clf__C': 10000.0, 'clf__kernel': 'poly', 'reduce_dim': None, 'select_features__drt': 0, 'select_features__group': False, 'select_features__npeaks': 0.5}",55,0.5555555555555556,1.0,0.5,1.0,0.5714285714285714,1.0,0.1202670537981644,0.0690945765587258,0.03015611935232274,0.0
132,11.644631942113241,11.48384141921997,0.5416666666666666,1.0,10000.0,poly,,0.5,True,0,"{'clf__C': 10000.0, 'clf__kernel': 'poly', 'reduce_dim': None, 'select_features__drt': 0.5, 'select_features__group': True, 'select_features__npeaks': 0}",55,0.5555555555555556,1.0,0.5,1.0,0.5714285714285714,1.0,0.04272664703595832,0.05161092290761502,0.03015611935232274,0.0
133,11.731743971506754,11.627547105153402,0.5416666666666666,1.0,10000.0,poly,,0.5,True,0.5,"{'clf__C': 10000.0, 'clf__kernel': 'poly', 'reduce_dim': None, 'select_features__drt': 0.5, 'select_features__group': True, 'select_features__npeaks': 0.5}",55,0.5555555555555556,1.0,0.5,1.0,0.5714285714285714,1.0,0.017265585501750284,0.06486609938703293,0.03015611935232274,0.0
134,11.730706691741943,11.520296653111776,0.5416666666666666,1.0,10000.0,poly,,0.5,False,0,"{'clf__C': 10000.0, 'clf__kernel': 'poly', 'reduce_dim': None, 'select_features__drt': 0.5, 'select_features__group': False, 'select_features__npeaks': 0}",55,0.5555555555555556,1.0,0.5,1.0,0.5714285714285714,1.0,0.09886621685470379,0.09112007191629268,0.03015611935232274,0.0
135,11.692005713780722,11.57205843925476,0.5416666666666666,1.0,10000.0,poly,,0.5,False,0.5,"{'clf__C': 10000.0, 'clf__kernel': 'poly', 'reduce_dim': None, 'select_features__drt': 0.5, 'select_features__group': False, 'select_features__npeaks': 0.5}",55,0.5555555555555556,1.0,0.5,1.0,0.5714285714285714,1.0,0.10254478903527553,0.15589308659103518,0.03015611935232274,0.0
136,12.065982580184937,11.711642821629843,0.5,1.0,10000.0,poly,"PCA(copy=True, iterated_power='auto', n_components=None, random_state=None,
  svd_solver='auto', tol=0.0, whiten=False)",0,True,0,"{'clf__C': 10000.0, 'clf__kernel': 'poly', 'reduce_dim': PCA(copy=True, iterated_power='auto', n_components=None, random_state=None,
  svd_solver='auto', tol=0.0, whiten=False), 'select_features__drt': 0, 'select_features__group': True, 'select_features__npeaks': 0}",139,0.5555555555555556,1.0,0.5,1.0,0.42857142857142855,1.0,0.2249694923172359,0.13150626405946733,0.05143444998736399,0.0
137,11.95005432764689,11.622406244277954,0.5416666666666666,1.0,10000.0,poly,"PCA(copy=True, iterated_power='auto', n_components=None, random_state=None,
  svd_solver='auto', tol=0.0, whiten=False)",0,True,0.5,"{'clf__C': 10000.0, 'clf__kernel': 'poly', 'reduce_dim': PCA(copy=True, iterated_power='auto', n_components=None, random_state=None,
  svd_solver='auto', tol=0.0, whiten=False), 'select_features__drt': 0, 'select_features__group': True, 'select_features__npeaks': 0.5}",55,0.5555555555555556,1.0,0.5,1.0,0.5714285714285714,1.0,0.23437146201548867,0.09619182789611345,0.03015611935232274,0.0
138,11.871771017710367,11.42394216855367,0.5416666666666666,1.0,10000.0,poly,"PCA(copy=True, iterated_power='auto', n_components=None, random_state=None,
  svd_solver='auto', tol=0.0, whiten=False)",0,False,0,"{'clf__C': 10000.0, 'clf__kernel': 'poly', 'reduce_dim': PCA(copy=True, iterated_power='auto', n_components=None, random_state=None,
  svd_solver='auto', tol=0.0, whiten=False), 'select_features__drt': 0, 'select_features__group': False, 'select_features__npeaks': 0}",55,0.5555555555555556,1.0,0.5,1.0,0.5714285714285714,1.0,0.09606443258763003,0.07323735554139245,0.03015611935232274,0.0
139,11.796525955200195,11.557190974553427,0.5416666666666666,1.0,10000.0,poly,"PCA(copy=True, iterated_power='auto', n_components=None, random_state=None,
  svd_solver='auto', tol=0.0, whiten=False)",0,False,0.5,"{'clf__C': 10000.0, 'clf__kernel': 'poly', 'reduce_dim': PCA(copy=True, iterated_power='auto', n_components=None, random_state=None,
  svd_solver='auto', tol=0.0, whiten=False), 'select_features__drt': 0, 'select_features__group': False, 'select_features__npeaks': 0.5}",55,0.5555555555555556,1.0,0.5,1.0,0.5714285714285714,1.0,0.0137329917826368,0.032822816313450104,0.03015611935232274,0.0
140,11.897747993469238,11.440394719441732,0.5416666666666666,1.0,10000.0,poly,"PCA(copy=True, iterated_power='auto', n_components=None, random_state=None,
  svd_solver='auto', tol=0.0, whiten=False)",0.5,True,0,"{'clf__C': 10000.0, 'clf__kernel': 'poly', 'reduce_dim': PCA(copy=True, iterated_power='auto', n_components=None, random_state=None,
  svd_solver='auto', tol=0.0, whiten=False), 'select_features__drt': 0.5, 'select_features__group': True, 'select_features__npeaks': 0}",55,0.5555555555555556,1.0,0.5,1.0,0.5714285714285714,1.0,0.08462122240028339,0.09147743821074963,0.03015611935232274,0.0
141,12.071198304494223,11.640071709950766,0.5416666666666666,1.0,10000.0,poly,"PCA(copy=True, iterated_power='auto', n_components=None, random_state=None,
  svd_solver='auto', tol=0.0, whiten=False)",0.5,True,0.5,"{'clf__C': 10000.0, 'clf__kernel': 'poly', 'reduce_dim': PCA(copy=True, iterated_power='auto', n_components=None, random_state=None,
  svd_solver='auto', tol=0.0, whiten=False), 'select_features__drt': 0.5, 'select_features__group': True, 'select_features__npeaks': 0.5}",55,0.5555555555555556,1.0,0.5,1.0,0.5714285714285714,1.0,0.35137324889862437,0.1255306113269857,0.03015611935232274,0.0
142,11.889901002248129,11.708651304244995,0.5416666666666666,1.0,10000.0,poly,"PCA(copy=True, iterated_power='auto', n_components=None, random_state=None,
  svd_solver='auto', tol=0.0, whiten=False)",0.5,False,0,"{'clf__C': 10000.0, 'clf__kernel': 'poly', 'reduce_dim': PCA(copy=True, iterated_power='auto', n_components=None, random_state=None,
  svd_solver='auto', tol=0.0, whiten=False), 'select_features__drt': 0.5, 'select_features__group': False, 'select_features__npeaks': 0}",55,0.5555555555555556,1.0,0.5,1.0,0.5714285714285714,1.0,0.15062126936513437,0.13786410627936885,0.03015611935232274,0.0
143,11.880379358927408,11.5422412554423,0.5416666666666666,1.0,10000.0,poly,"PCA(copy=True, iterated_power='auto', n_components=None, random_state=None,
  svd_solver='auto', tol=0.0, whiten=False)",0.5,False,0.5,"{'clf__C': 10000.0, 'clf__kernel': 'poly', 'reduce_dim': PCA(copy=True, iterated_power='auto', n_components=None, random_state=None,
  svd_solver='auto', tol=0.0, whiten=False), 'select_features__drt': 0.5, 'select_features__group': False, 'select_features__npeaks': 0.5}",55,0.5555555555555556,1.0,0.5,1.0,0.5714285714285714,1.0,0.09441711386627483,0.03653868456801551,0.03015611935232274,0.0
